x_vals,y_vals
25.03,7.12465127
169.57,25.74519024
